{
  "products": [
    {
      "id": 1,
      "titolo": "Tutto il blu del cielo",
      "autore": "Mélissa Da Costa",
      "annoPubblicazione": 2022,
      "editore": "Rizzoli",
      "prezzo": 21
    },
    {
      "id": 2,
      "titolo": "La ragazza della neve",
      "autore": "Pam Jenoff",
      "annoPubblicazione": 2019,
      "editore": "Newton Compton Editori",
      "prezzo": 18.90
    },
    {
      "id": 3,
      "titolo": "Storia di una ladra di libri",
      "autore": "Markus Zusak",
      "annoPubblicazione": 2015,
      "editore": "SPERLING & KUPFER",
      "prezzo": 23.00
    },
    {
      "id": 4,
      "titolo": "Rancore",
      "autore": "Gianrico Carofiglio",
      "annoPubblicazione": 2022,
      "editore": "Einaudi",
      "prezzo": 17.57
    }

  ]
}
